page,sentences,words,total,per100Sentences,sentence>20 (procedural),sentence>25 (descriptive),paragraph>6 sentences,semicolon,passive voice,progressive -ing,perfect tense,noun cluster 4+ (strict),unapproved word
"10-system-design/40-block-vocabulary/40-structured-reference/10-state-shape",156,1612,76,48.7,2,10,0,37,4,0,0,10,13
"10-system-design/40-block-vocabulary/40-structured-reference/30-structured-table",155,1535,67,43.2,2,18,2,16,9,0,0,15,5
"10-system-design/30-data-model/50-mutation-model",91,1336,52,57.1,0,12,0,14,18,0,0,4,4
"10-system-design/40-block-vocabulary/50-flow-and-diagrams/10-process-outline",292,2335,50,17.1,4,3,0,12,13,0,0,12,6
"10-system-design/40-block-vocabulary/40-structured-reference/20-interaction-surface",147,1549,46,31.3,1,7,0,16,6,0,0,10,6
"10-system-design/40-block-vocabulary/50-flow-and-diagrams/50-canvas",90,1212,46,51.1,4,8,0,19,7,0,0,2,6
"10-system-design/40-block-vocabulary/50-flow-and-diagrams/40-sequence",88,1094,44,50,1,11,0,16,8,0,0,5,3
"30-implementation/10-packages",44,876,37,84.1,0,11,0,9,9,0,0,4,4
"10-system-design/40-block-vocabulary/20-code/10-code-block",171,1587,31,18.1,1,7,0,12,4,0,0,1,6
"99-appendix/10-style-guide/10-writing-style",165,1544,30,18.2,3,1,0,0,5,0,0,3,18
"10-system-design/10-doc-standards/80-authoring-lints",135,1378,29,21.5,0,0,0,0,11,0,0,5,13
"10-system-design/30-data-model/30-annotations",68,721,29,42.6,0,5,0,7,9,1,0,4,3
"10-system-design/40-block-vocabulary/30-trees-and-paths/10-file-tree",85,881,29,34.1,1,4,0,11,5,0,0,3,5
"30-implementation/10-packages/90-docs-publish",76,1050,29,38.2,2,1,3,5,10,0,0,4,4
"00-foundation/00-manifesto",68,742,28,41.2,1,3,0,1,5,1,3,2,12
"10-system-design/10-doc-standards/60-implementation-layer",63,651,28,44.4,0,3,0,8,9,0,2,2,4
"30-implementation/10-packages/10-docs-model",28,538,28,100,0,10,0,9,3,0,0,3,3
"10-system-design/40-block-vocabulary/10-text-and-media/10-rich-text",72,743,27,37.5,1,5,0,10,2,0,0,5,4
"10-system-design/30-data-model/10-document-tree",58,602,24,41.4,0,3,0,9,7,0,0,1,4
"10-system-design/50-editor-design/40-visual-system/30-themes",97,972,23,23.7,0,2,0,7,8,0,0,1,5
"30-implementation/40-theming",89,1070,20,22.5,0,5,0,2,9,0,0,1,3
"30-implementation/20-workbench",37,513,19,51.4,0,4,0,5,6,0,0,3,1
"10-system-design/20-translation-layer",42,425,17,40.5,0,4,0,2,3,1,1,0,6
"40-guides/10-docs-mcp/50-document-management",79,737,17,21.5,0,1,0,6,4,0,0,2,4
"10-system-design/40-block-vocabulary/10-text-and-media/10-rich-text/14-callout",114,931,16,14,1,2,0,5,1,0,0,2,5
"30-implementation/10-packages/80-external-canvas",23,401,16,69.6,0,6,0,5,2,0,0,2,1
"30-implementation/10-packages/85-docs-mcp",121,1246,16,13.2,1,3,1,0,4,1,0,2,4
"10-system-design/30-data-model/60-change-sets",45,625,15,33.3,1,3,0,4,1,0,0,3,3
"30-implementation/10-packages/70-framework",18,303,15,83.3,0,4,0,6,3,0,0,1,1
"10-system-design/10-doc-standards/10-structure",66,667,14,21.2,0,2,0,5,1,0,0,2,4
"10-system-design/50-editor-design/20-editing-interactions",29,473,14,48.3,0,8,0,4,2,0,0,0,0
"30-implementation/10-packages/60-docs-cli",20,351,14,70,0,3,0,4,1,0,0,3,3
"10-system-design/30-data-model/40-serialization",29,413,13,44.8,0,6,0,0,3,1,1,1,1
"10-system-design/30-data-model/20-block-design",35,428,12,34.3,0,3,0,5,3,0,0,1,0
"10-system-design/40-block-vocabulary/10-text-and-media/10-rich-text/12-list-item",26,273,12,46.2,0,2,0,3,4,0,0,2,1
"10-system-design/40-block-vocabulary/10-text-and-media/10-rich-text/17-video",36,369,12,33.3,0,1,0,7,1,0,0,1,2
"10-system-design/50-editor-design/10-reading-surface",80,757,12,15,0,3,0,2,5,0,0,0,2
"10-system-design/50-editor-design/20-editing-interactions/10-typing-model",77,605,12,15.6,0,0,0,9,0,0,0,2,1
"10-system-design/70-central-docs-service",61,592,12,19.7,0,0,1,0,5,0,0,1,5
"30-implementation/10-packages/40-docs-viewer",26,397,12,46.2,0,4,0,3,1,0,0,3,1
"30-implementation",11,205,12,109.1,0,2,0,5,5,0,0,0,0
"40-guides/10-docs-mcp/10-setup",55,477,12,21.8,1,0,0,5,2,0,0,2,2
"40-guides/40-export-pdf",52,497,12,23.1,0,0,0,2,2,0,1,1,6
"00-foundation/10-design-principles",36,478,11,30.6,0,0,0,4,4,0,0,0,3
"10-system-design/10-doc-standards/20-numbering",36,325,11,30.6,1,1,0,1,2,1,1,1,3
"10-system-design/10-doc-standards/30-cross-doc-linking",35,359,11,31.4,0,1,0,4,3,0,0,1,2
"10-system-design/40-block-vocabulary/10-text-and-media/10-rich-text/18-html",56,595,11,19.6,0,0,0,4,2,0,0,1,4
"10-system-design/50-editor-design/40-visual-system/20-typography-and-fonts",86,640,11,12.8,0,2,0,2,4,0,0,1,2
"10-system-design/50-editor-design/50-canvas-and-media",62,674,11,17.7,0,0,0,6,0,2,0,0,3
"30-implementation/10-packages/20-docs-index",16,291,11,68.8,0,4,0,2,3,0,0,2,0
"30-implementation/10-packages/30-docs-server",19,333,11,57.9,0,3,0,3,3,0,0,2,0
"40-guides/10-docs-mcp/40-recovery",102,930,11,10.8,2,0,0,0,3,0,0,1,5
"10-system-design/40-block-vocabulary/10-text-and-media/10-rich-text/10-paragraph",25,325,10,40,0,3,0,3,1,0,0,3,0
"10-system-design/40-block-vocabulary",106,644,10,9.4,0,0,0,2,1,0,0,5,2
"10-system-design/50-editor-design/30-style-rail",76,735,10,13.2,0,1,0,3,4,0,0,1,1
"30-implementation/40-theming/10-system-ui",45,471,10,22.2,0,4,0,2,3,0,0,0,1
"10-system-design/10-doc-standards/40-code-linking",26,268,9,34.6,0,0,0,5,4,0,0,0,0
"10-system-design/10-doc-standards",47,347,9,19.1,0,0,0,0,4,0,0,0,5
"10-system-design/30-data-model/20-block-design/50-theming",21,243,9,42.9,0,0,0,3,5,0,0,1,0
"10-system-design/30-data-model/50-mutation-model/10-undo-redo",22,328,9,40.9,0,1,0,2,2,1,1,0,2
"10-system-design/50-editor-design/20-editing-interactions/30-selection-and-movement",51,581,9,17.6,0,0,0,3,2,0,0,3,1
"10-system-design/20-translation-layer/20-agent-surface",15,158,8,53.3,0,0,0,2,6,0,0,0,0
"10-system-design/40-block-vocabulary/10-text-and-media/10-rich-text/19-image-grid",38,372,8,21.1,0,0,0,0,2,0,0,3,3
"30-implementation/10-packages/50-docs-workbench",30,391,8,26.7,0,2,0,1,2,0,0,2,1
"40-guides/10-docs-mcp/30-sync",49,471,8,16.3,0,1,0,4,1,0,0,1,1
"10-system-design/30-data-model/50-mutation-model/20-copy-paste",21,272,7,33.3,0,1,0,3,3,0,0,0,0
"10-system-design/50-editor-design/40-visual-system/10-tokens",55,448,7,12.7,0,1,0,6,0,0,0,0,0
"99-appendix/10-style-guide/20-structure",39,389,7,17.9,1,0,0,0,2,0,0,2,2
"10-system-design/40-block-vocabulary/10-text-and-media/10-rich-text/16-image",29,276,6,20.7,0,0,0,3,0,0,0,0,3
"10-system-design/40-block-vocabulary/30-trees-and-paths/20-file-explorer",27,256,6,22.2,0,1,0,0,3,0,0,2,0
"10-system-design/60-product-versioning",43,307,6,14,0,0,0,0,1,0,0,1,4
"10-system-design",34,303,6,17.6,0,0,0,2,4,0,0,0,0
"40-guides/10-docs-mcp/20-skills",55,564,6,10.9,1,0,0,0,3,0,0,2,0
"40-guides/60-shared-env",37,317,6,16.2,1,0,0,0,3,0,0,2,0
"10-system-design/30-data-model",19,164,5,26.3,0,1,0,2,1,0,0,1,0
"10-system-design/40-block-vocabulary/30-trees-and-paths/30-call-stack",35,371,5,14.3,0,1,0,0,2,0,0,0,2
"10-system-design/40-block-vocabulary/30-trees-and-paths/40-component-tree",31,323,5,16.1,0,0,0,0,3,0,0,1,1
"10-system-design/50-editor-design",16,192,5,31.3,0,2,0,1,1,0,0,0,1
"40-guides/30-run-central-docs",49,405,5,10.2,0,0,0,0,1,1,0,0,3
"10-system-design/10-doc-standards/70-document-purpose",44,367,4,9.1,0,0,0,0,0,0,0,1,3
"10-system-design/30-data-model/20-block-design/10-state-schema",14,153,4,28.6,0,0,0,1,2,0,0,0,1
"10-system-design/40-block-vocabulary/10-text-and-media/10-rich-text/11-heading",21,229,4,19,0,1,0,3,0,0,0,0,0
"10-system-design/40-block-vocabulary/50-flow-and-diagrams/30-stack",41,435,4,9.8,0,1,0,0,2,0,0,0,1
"10-system-design/50-editor-design/20-editing-interactions/20-slash-menu",50,522,4,8,0,0,0,2,0,0,0,0,2
"10-system-design/50-editor-design/40-visual-system/40-code-colors",67,495,4,6,2,1,0,0,0,0,0,1,0
"10-system-design/20-translation-layer/10-human-surface",18,230,3,16.7,0,0,0,3,0,0,0,0,0
"10-system-design/30-data-model/20-block-design/30-doc-renderer",13,165,3,23.1,0,0,0,3,0,0,0,0,0
"10-system-design/30-data-model/20-block-design/40-agent-renderer",11,126,3,27.3,0,0,0,1,1,0,0,0,1
"10-system-design/40-block-vocabulary/20-code/20-pseudocode",22,298,3,13.6,0,0,0,0,2,0,0,1,0
"10-system-design/40-block-vocabulary/50-flow-and-diagrams/20-flow-strip",34,314,3,8.8,0,0,0,0,2,0,0,1,0
"40-guides/20-release-core-products",31,260,3,9.7,0,0,0,0,1,0,0,1,1
"99-appendix",4,51,3,75,0,1,0,0,2,0,0,0,0
"10-system-design/10-doc-standards/50-in-code-docs",25,231,2,8,0,0,0,1,1,0,0,0,0
"10-system-design/30-data-model/20-block-design/20-typed-actions",13,129,2,15.4,0,0,0,2,0,0,0,0,0
"10-system-design/30-data-model/20-block-design/60-agent-adapter",14,176,2,14.3,0,0,0,1,0,1,0,0,0
"10-system-design/40-block-vocabulary/10-text-and-media/10-rich-text/15-divider",17,157,2,11.8,0,0,0,1,0,0,0,1,0
"10-system-design/50-editor-design/20-editing-interactions/40-in-place-editing",30,311,2,6.7,0,0,0,1,0,0,0,1,0
"10-system-design/50-editor-design/40-visual-system",9,100,2,22.2,0,1,0,1,0,0,0,0,0
"40-guides/50-deploy-github-pages",92,819,2,2.2,0,0,0,0,0,0,0,0,2
"99-appendix/10-style-guide",7,60,2,28.6,0,0,0,0,1,1,0,0,0
"00-foundation",7,81,1,14.3,0,1,0,0,0,0,0,0,0
"10-system-design/40-block-vocabulary/10-text-and-media",28,96,1,3.6,0,0,0,0,0,0,0,1,0
"40-guides/10-docs-mcp",11,93,1,9.1,0,0,0,0,0,0,0,0,1
"40-guides",9,124,1,11.1,0,0,0,1,0,0,0,0,0
"10-system-design/40-block-vocabulary/20-code",7,44,0,0,0,0,0,0,0,0,0,0,0
"10-system-design/40-block-vocabulary/30-trees-and-paths",13,74,0,0,0,0,0,0,0,0,0,0,0
"10-system-design/40-block-vocabulary/40-structured-reference",10,64,0,0,0,0,0,0,0,0,0,0,0
"10-system-design/40-block-vocabulary/50-flow-and-diagrams",16,75,0,0,0,0,0,0,0,0,0,0,0